<?xml version = '1.0' encoding = 'UTF-8'?>
<Diagram class="oracle.dbtools.crest.swingui.relational.DPVRelational" name="network" id="901E8433-BE3A-EEF1-4D4F-EABB6B3A80DC">
<createdBy>Hidden Treasure</createdBy>
<modifiedBy>Hidden Treasure</modifiedBy>
<createdTime>2019-05-19 10:28:40 UTC</createdTime>
<autoRoute>false</autoRoute>
<boxInbox>true</boxInbox>
<showLegend>false</showLegend>
<showLabels>false</showLabels>
<showRelAttributes>false</showRelAttributes>
<gridEnabled>false</gridEnabled>
<showGrid>false</showGrid>
<diagramColor>-1</diagramColor>
<display>false</display>
<notation>1</notation>
<objectViews>
<OView class="oracle.dbtools.crest.swingui.relational.TVTable" oid="059F4CA0-8543-263F-04B8-FF53DC03595C" otype="Table" vid="B5DBE5B7-485E-207E-B48C-B1EDBC841297">
<hideElementsInCurrentOnly>false</hideElementsInCurrentOnly>
<bounds x="714" y="286" width="102" height="107"/>
</OView>
<OView class="oracle.dbtools.crest.swingui.relational.TVTable" oid="08412242-0FE0-36C8-71CE-77C8ED9DF048" otype="Table" vid="94B95871-FD44-5722-BCB3-E80D339386CC">
<hideElementsInCurrentOnly>false</hideElementsInCurrentOnly>
<bounds x="512" y="156" width="99" height="125"/>
</OView>
<OView class="oracle.dbtools.crest.swingui.relational.TVTable" oid="184FC159-A22E-50FF-CC2F-5FCF7B138B8B" otype="Table" vid="F183475C-E945-937F-A8D1-3909E8172A89">
<hideElementsInCurrentOnly>false</hideElementsInCurrentOnly>
<bounds x="699" y="169" width="131" height="82"/>
</OView>
<OView class="oracle.dbtools.crest.swingui.relational.TVTable" oid="189D7EC9-A9D9-A2FD-E0FA-A425FA1A3A67" otype="Table" vid="E1610D14-2BCC-E8D8-80D6-491D0CD8A9CD">
<hideElementsInCurrentOnly>false</hideElementsInCurrentOnly>
<bounds x="873" y="166" width="139" height="65"/>
</OView>
<OView class="oracle.dbtools.crest.swingui.relational.TVTable" oid="20D9AF07-B9AD-3AEC-91C6-748368B796E8" otype="Table" vid="69489848-E368-7BB9-E952-D3355DC53DF6">
<hideElementsInCurrentOnly>false</hideElementsInCurrentOnly>
<bounds x="261" y="15" width="124" height="91"/>
</OView>
<OView class="oracle.dbtools.crest.swingui.relational.TVTable" oid="30DD7258-DF23-95D1-F15C-444B3509115C" otype="Table" vid="452CC1E3-CBF6-DA35-5052-E2A977B47DEA">
<hideElementsInCurrentOnly>false</hideElementsInCurrentOnly>
<bounds x="867" y="301" width="145" height="63"/>
</OView>
<OView class="oracle.dbtools.crest.swingui.relational.TVTable" oid="493C28E6-B9C2-0978-37FD-62870297458E" otype="Table" vid="179C175F-9337-ACBD-BAB5-F51E9A154B9B">
<hideElementsInCurrentOnly>false</hideElementsInCurrentOnly>
<bounds x="444" y="21" width="94" height="64"/>
</OView>
<OView class="oracle.dbtools.crest.swingui.relational.TVTable" oid="5B9AFDF8-3936-B214-D47D-66AD41931332" otype="Table" vid="C1A77720-4193-455B-2F0E-F1E718B70E0E">
<hideElementsInCurrentOnly>false</hideElementsInCurrentOnly>
<bounds x="542" y="63" width="88" height="74"/>
</OView>
<OView class="oracle.dbtools.crest.swingui.relational.TVTable" oid="6B75025B-40DB-1114-3EFC-81ABECF92D50" otype="Table" vid="C13331C3-334A-2EF8-A11D-021F5F18EE68">
<hideElementsInCurrentOnly>false</hideElementsInCurrentOnly>
<bounds x="32" y="17" width="141" height="89"/>
</OView>
<OView class="oracle.dbtools.crest.swingui.relational.TVTable" oid="787B730A-84DA-D014-C113-2F84146998F9" otype="Table" vid="3C3652EC-3E00-3AFC-CAD1-FC432E70F1E0">
<hideElementsInCurrentOnly>false</hideElementsInCurrentOnly>
<bounds x="865" y="8" width="107" height="58"/>
</OView>
<OView class="oracle.dbtools.crest.swingui.relational.TVTable" oid="84894DF4-1E70-A9FA-69DC-6BA769443AE5" otype="Table" vid="65706CCC-79CB-4B57-8D89-D6CFC73CC279">
<hideElementsInCurrentOnly>false</hideElementsInCurrentOnly>
<bounds x="24" y="295" width="141" height="74"/>
</OView>
<OView class="oracle.dbtools.crest.swingui.relational.TVTable" oid="9994C73C-D723-628D-5E39-13037B6730C7" otype="Table" vid="3951A6AB-DD2E-4089-2932-F88B9C4FB798">
<hideElementsInCurrentOnly>false</hideElementsInCurrentOnly>
<bounds x="245" y="331" width="128" height="76"/>
</OView>
<OView class="oracle.dbtools.crest.swingui.relational.TVTable" oid="9D62BF7D-6C1B-467D-0E90-43319852ADAA" otype="Table" vid="8E9E38F6-E753-D542-7362-48D713BE0E6C">
<hideElementsInCurrentOnly>false</hideElementsInCurrentOnly>
<bounds x="253" y="117" width="171" height="158"/>
</OView>
<OView class="oracle.dbtools.crest.swingui.relational.TVTable" oid="A8C7A5C4-7DDE-7BBD-C2B0-E2EE6AC8A3F8" otype="Table" vid="173A1937-D7C5-B7AC-5106-F7EA40FC8236">
<hideElementsInCurrentOnly>false</hideElementsInCurrentOnly>
<bounds x="660" y="5" width="121" height="88"/>
</OView>
<OView class="oracle.dbtools.crest.swingui.relational.TVTable" oid="F508DCFB-2F73-74DD-A409-5B8B9BA5DEC5" otype="Table" vid="FE6D5979-61A4-F187-C52C-962DB54F9A79">
<hideElementsInCurrentOnly>false</hideElementsInCurrentOnly>
<bounds x="419" y="353" width="255" height="133"/>
</OView>
<OView class="oracle.dbtools.crest.swingui.relational.TVTable" oid="F50F7CE2-AF0A-ADAC-05EC-F08FC764E44F" otype="Table" vid="23307F35-A592-88E8-4EEE-7EF8D1054DF8">
<hideElementsInCurrentOnly>false</hideElementsInCurrentOnly>
<bounds x="46" y="190" width="116" height="62"/>
</OView>
</objectViews>
<connectors>
<Connector class="oracle.dbtools.crest.swingui.relational.TVFKRelation" oid="0689E76C-D7ED-456B-A9C6-62C7E91C24BA" otype="FKIndexAssociation" vid_source="8E9E38F6-E753-D542-7362-48D713BE0E6C" vid_target="C1A77720-4193-455B-2F0E-F1E718B70E0E">
<hideElementsInCurrentOnly>false</hideElementsInCurrentOnly>
<backgroundColor>-16777216</backgroundColor>
<lineWidth>1</lineWidth>
<points>
<point x="424" y="127"/>
<point x="542" y="127"/>
</points>
</Connector>
<Connector class="oracle.dbtools.crest.swingui.relational.TVFKRelation" oid="075816E8-15A4-92A3-59AD-1236F55251FE" otype="FKIndexAssociation" vid_source="8E9E38F6-E753-D542-7362-48D713BE0E6C" vid_target="3951A6AB-DD2E-4089-2932-F88B9C4FB798">
<hideElementsInCurrentOnly>false</hideElementsInCurrentOnly>
<backgroundColor>-16777216</backgroundColor>
<lineWidth>1</lineWidth>
<points>
<point x="313" y="275"/>
<point x="313" y="331"/>
</points>
</Connector>
<Connector class="oracle.dbtools.crest.swingui.relational.TVFKRelation" oid="1B189AA8-41D1-BF8C-A51B-EEFEC847D865" otype="FKIndexAssociation" vid_source="C1A77720-4193-455B-2F0E-F1E718B70E0E" vid_target="F183475C-E945-937F-A8D1-3909E8172A89">
<hideElementsInCurrentOnly>false</hideElementsInCurrentOnly>
<backgroundColor>-16777216</backgroundColor>
<lineWidth>1</lineWidth>
<points>
<point x="630" y="127"/>
<point x="699" y="169"/>
</points>
</Connector>
<Connector class="oracle.dbtools.crest.swingui.relational.TVFKRelation" oid="24609F40-A756-E62C-2A3C-D381143D2DF2" otype="FKIndexAssociation" vid_source="8E9E38F6-E753-D542-7362-48D713BE0E6C" vid_target="94B95871-FD44-5722-BCB3-E80D339386CC">
<hideElementsInCurrentOnly>false</hideElementsInCurrentOnly>
<backgroundColor>-16777216</backgroundColor>
<lineWidth>1</lineWidth>
<points>
<point x="424" y="245"/>
<point x="512" y="245"/>
</points>
</Connector>
<Connector class="oracle.dbtools.crest.swingui.relational.TVFKRelation" oid="2B32B48A-DA79-AE8D-1210-424D017D5C56" otype="FKIndexAssociation" vid_source="8E9E38F6-E753-D542-7362-48D713BE0E6C" vid_target="179C175F-9337-ACBD-BAB5-F51E9A154B9B">
<hideElementsInCurrentOnly>false</hideElementsInCurrentOnly>
<backgroundColor>-16777216</backgroundColor>
<lineWidth>1</lineWidth>
<points>
<point x="422" y="117"/>
<point x="456" y="85"/>
</points>
</Connector>
<Connector class="oracle.dbtools.crest.swingui.relational.TVFKRelation" oid="4A65B34B-767E-60F0-2B3C-241F66E68D45" otype="FKIndexAssociation" vid_source="173A1937-D7C5-B7AC-5106-F7EA40FC8236" vid_target="3C3652EC-3E00-3AFC-CAD1-FC432E70F1E0">
<hideElementsInCurrentOnly>false</hideElementsInCurrentOnly>
<backgroundColor>-16777216</backgroundColor>
<lineWidth>1</lineWidth>
<points>
<point x="781" y="37"/>
<point x="865" y="37"/>
</points>
</Connector>
<Connector class="oracle.dbtools.crest.swingui.relational.TVFKRelation" oid="57F1580B-D597-3303-4093-DCF8D38F8898" otype="FKIndexAssociation" vid_source="69489848-E368-7BB9-E952-D3355DC53DF6" vid_target="C13331C3-334A-2EF8-A11D-021F5F18EE68">
<hideElementsInCurrentOnly>false</hideElementsInCurrentOnly>
<backgroundColor>-16777216</backgroundColor>
<lineWidth>1</lineWidth>
<points>
<point x="261" y="31"/>
<point x="173" y="31"/>
</points>
</Connector>
<Connector class="oracle.dbtools.crest.swingui.relational.TVFKRelation" oid="5FD21F8F-AC5A-0974-55D5-608E86B9DE61" otype="FKIndexAssociation" vid_source="69489848-E368-7BB9-E952-D3355DC53DF6" vid_target="179C175F-9337-ACBD-BAB5-F51E9A154B9B">
<hideElementsInCurrentOnly>false</hideElementsInCurrentOnly>
<backgroundColor>-16777216</backgroundColor>
<lineWidth>1</lineWidth>
<points>
<point x="385" y="68"/>
<point x="444" y="68"/>
</points>
</Connector>
<Connector class="oracle.dbtools.crest.swingui.relational.TVFKRelation" oid="76DBEC81-A586-0C57-1EF5-5065399DB46A" otype="FKIndexAssociation" vid_source="8E9E38F6-E753-D542-7362-48D713BE0E6C" vid_target="C1A77720-4193-455B-2F0E-F1E718B70E0E">
<hideElementsInCurrentOnly>false</hideElementsInCurrentOnly>
<backgroundColor>-16777216</backgroundColor>
<lineWidth>1</lineWidth>
<points>
<point x="424" y="127"/>
<point x="542" y="127"/>
</points>
</Connector>
<Connector class="oracle.dbtools.crest.swingui.relational.TVFKRelation" oid="93C53915-C22A-9ACF-86A3-E270F4BD6FE0" otype="FKIndexAssociation" vid_source="E1610D14-2BCC-E8D8-80D6-491D0CD8A9CD" vid_target="3C3652EC-3E00-3AFC-CAD1-FC432E70F1E0">
<hideElementsInCurrentOnly>false</hideElementsInCurrentOnly>
<backgroundColor>-16777216</backgroundColor>
<lineWidth>1</lineWidth>
<points>
<point x="922" y="166"/>
<point x="922" y="66"/>
</points>
</Connector>
<Connector class="oracle.dbtools.crest.swingui.relational.TVFKRelation" oid="A8E43EDC-BA13-14F5-3A49-057DE0768AA3" otype="FKIndexAssociation" vid_source="C13331C3-334A-2EF8-A11D-021F5F18EE68" vid_target="C13331C3-334A-2EF8-A11D-021F5F18EE68">
<hideElementsInCurrentOnly>false</hideElementsInCurrentOnly>
<backgroundColor>-16777216</backgroundColor>
<lineWidth>1</lineWidth>
<points>
<point x="173" y="69"/>
<point x="298" y="69"/>
<point x="298" y="231"/>
<point x="114" y="231"/>
<point x="114" y="106"/>
</points>
</Connector>
<Connector class="oracle.dbtools.crest.swingui.relational.TVFKRelation" oid="AE49DA44-D30B-69C7-873C-C22DC539498B" otype="FKIndexAssociation" vid_source="8E9E38F6-E753-D542-7362-48D713BE0E6C" vid_target="FE6D5979-61A4-F187-C52C-962DB54F9A79">
<hideElementsInCurrentOnly>false</hideElementsInCurrentOnly>
<backgroundColor>-16777216</backgroundColor>
<lineWidth>1</lineWidth>
<points>
<point x="421" y="275"/>
<point x="421" y="353"/>
</points>
</Connector>
<Connector class="oracle.dbtools.crest.swingui.relational.TVFKRelation" oid="BA9B7701-88A7-463A-C056-BBD768C146E8" otype="FKIndexAssociation" vid_source="8E9E38F6-E753-D542-7362-48D713BE0E6C" vid_target="B5DBE5B7-485E-207E-B48C-B1EDBC841297">
<hideElementsInCurrentOnly>false</hideElementsInCurrentOnly>
<backgroundColor>-16777216</backgroundColor>
<lineWidth>1</lineWidth>
<points>
<point x="424" y="224"/>
<point x="714" y="322"/>
</points>
</Connector>
<Connector class="oracle.dbtools.crest.swingui.relational.TVFKRelation" oid="BC556C85-ED6A-10BD-7738-D159A12511C2" otype="FKIndexAssociation" vid_source="8E9E38F6-E753-D542-7362-48D713BE0E6C" vid_target="C13331C3-334A-2EF8-A11D-021F5F18EE68">
<hideElementsInCurrentOnly>false</hideElementsInCurrentOnly>
<backgroundColor>-16777216</backgroundColor>
<lineWidth>1</lineWidth>
<points>
<point x="253" y="147"/>
<point x="173" y="101"/>
</points>
</Connector>
<Connector class="oracle.dbtools.crest.swingui.relational.TVFKRelation" oid="C412038E-3697-AEB9-42AA-5E77FC06C435" otype="FKIndexAssociation" vid_source="8E9E38F6-E753-D542-7362-48D713BE0E6C" vid_target="F183475C-E945-937F-A8D1-3909E8172A89">
<hideElementsInCurrentOnly>false</hideElementsInCurrentOnly>
<backgroundColor>-16777216</backgroundColor>
<lineWidth>1</lineWidth>
<points>
<point x="424" y="210"/>
<point x="699" y="210"/>
</points>
</Connector>
<Connector class="oracle.dbtools.crest.swingui.relational.TVFKRelation" oid="E7605804-6DEC-1CEA-DB52-01859275FFD8" otype="FKIndexAssociation" vid_source="173A1937-D7C5-B7AC-5106-F7EA40FC8236" vid_target="FE6D5979-61A4-F187-C52C-962DB54F9A79">
<hideElementsInCurrentOnly>false</hideElementsInCurrentOnly>
<backgroundColor>-16777216</backgroundColor>
<lineWidth>1</lineWidth>
<points>
<point x="667" y="93"/>
<point x="667" y="353"/>
</points>
</Connector>
<Connector class="oracle.dbtools.crest.swingui.relational.TVFKRelation" oid="EABA451D-9D79-ABD2-1853-85F3404D41B7" otype="FKIndexAssociation" vid_source="173A1937-D7C5-B7AC-5106-F7EA40FC8236" vid_target="69489848-E368-7BB9-E952-D3355DC53DF6">
<hideElementsInCurrentOnly>false</hideElementsInCurrentOnly>
<backgroundColor>-16777216</backgroundColor>
<lineWidth>1</lineWidth>
<points>
<point x="660" y="54"/>
<point x="385" y="54"/>
</points>
</Connector>
<Connector class="oracle.dbtools.crest.swingui.relational.TVFKRelation" oid="F7D3FC86-544C-861D-1DE1-5080199D0E5F" otype="FKIndexAssociation" vid_source="23307F35-A592-88E8-4EEE-7EF8D1054DF8" vid_target="C13331C3-334A-2EF8-A11D-021F5F18EE68">
<hideElementsInCurrentOnly>false</hideElementsInCurrentOnly>
<backgroundColor>-16777216</backgroundColor>
<lineWidth>1</lineWidth>
<points>
<point x="134" y="190"/>
<point x="134" y="106"/>
</points>
</Connector>
<Connector class="oracle.dbtools.crest.swingui.relational.TVFKRelation" oid="F8E26F21-2120-DE83-F27E-C304B5A998EA" otype="FKIndexAssociation" vid_source="452CC1E3-CBF6-DA35-5052-E2A977B47DEA" vid_target="E1610D14-2BCC-E8D8-80D6-491D0CD8A9CD">
<hideElementsInCurrentOnly>false</hideElementsInCurrentOnly>
<backgroundColor>-16777216</backgroundColor>
<lineWidth>1</lineWidth>
<points>
<point x="942" y="301"/>
<point x="942" y="231"/>
</points>
</Connector>
<Connector class="oracle.dbtools.crest.swingui.relational.TVFKRelation" oid="FCC01404-03D8-CA04-157D-6045F72187FC" otype="FKIndexAssociation" vid_source="65706CCC-79CB-4B57-8D89-D6CFC73CC279" vid_target="3951A6AB-DD2E-4089-2932-F88B9C4FB798">
<hideElementsInCurrentOnly>false</hideElementsInCurrentOnly>
<backgroundColor>-16777216</backgroundColor>
<lineWidth>1</lineWidth>
<points>
<point x="165" y="335"/>
<point x="269" y="331"/>
</points>
</Connector>
</connectors>
</Diagram>