<?xml version = '1.0' encoding = 'UTF-8'?>
<Relation class="oracle.dbtools.crest.model.design.logical.Relation" name="`user_category_user_fk`" directorySegmentName="seg_0" id="1CEB588C-3BCC-3D16-042B-3129C5A4826D">
<createdBy>Hidden Treasure</createdBy>
<createdTime>2019-05-19 10:30:05 UTC</createdTime>
<generatorID>FCC01404-03D8-CA04-157D-6045F72187FC</generatorID>
<ownerDesignName>Network</ownerDesignName>
<engineerTo>
<item key="D3A610CB-5C89-AF00-F9EF-A81B419DED74" value="true"/>
</engineerTo>
<sourcePk>C9280684-03F4-14DB-430E-3D2857E6B140</sourcePk>
<identifying>false</identifying>
<optionalSource>false</optionalSource>
<optionalTarget>false</optionalTarget>
<sourceCardinality>1</sourceCardinality>
<sourceEntity>665F4F07-7A42-07E3-0025-40E42F832B79</sourceEntity>
<targetCardinalityString>*</targetCardinalityString>
<targetEntity>210C7D73-E9C3-C80E-0CCF-C9F2AB5EA38C</targetEntity>
<transferable>true</transferable>
<deleteRule>CASCADE</deleteRule>
</Relation>