<?xml version = '1.0' encoding = 'UTF-8'?>
<Relation class="oracle.dbtools.crest.model.design.logical.Relation" name="`user_group_user_fk`" directorySegmentName="seg_0" id="36E91DE1-6608-B44E-BE74-9DF0BDB65BDA">
<createdBy>Hidden Treasure</createdBy>
<createdTime>2019-05-19 10:30:05 UTC</createdTime>
<generatorID>2B32B48A-DA79-AE8D-1210-424D017D5C56</generatorID>
<ownerDesignName>Network</ownerDesignName>
<engineerTo>
<item key="D3A610CB-5C89-AF00-F9EF-A81B419DED74" value="true"/>
</engineerTo>
<sourcePk>8D235088-D80C-98B6-53FE-DB4E17FFFB99</sourcePk>
<identifying>false</identifying>
<optionalSource>false</optionalSource>
<optionalTarget>false</optionalTarget>
<sourceCardinality>1</sourceCardinality>
<sourceEntity>ABD8704C-7689-B797-1259-23A355F1969D</sourceEntity>
<targetCardinalityString>*</targetCardinalityString>
<targetEntity>9D83180E-C56A-E2D9-8600-F196046D4A30</targetEntity>
<transferable>true</transferable>
<deleteRule>CASCADE</deleteRule>
</Relation>