<?xml version = '1.0' encoding = 'UTF-8'?>
<Relation class="oracle.dbtools.crest.model.design.logical.Relation" name="`contact_fk`" directorySegmentName="seg_0" id="41DB3DD7-0085-F680-45AE-FDFB13C33B29">
<createdBy>Hidden Treasure</createdBy>
<createdTime>2019-05-19 10:30:05 UTC</createdTime>
<generatorID>BA9B7701-88A7-463A-C056-BBD768C146E8</generatorID>
<ownerDesignName>Network</ownerDesignName>
<engineerTo>
<item key="D3A610CB-5C89-AF00-F9EF-A81B419DED74" value="true"/>
</engineerTo>
<sourcePk>8D235088-D80C-98B6-53FE-DB4E17FFFB99</sourcePk>
<dominantRole>ABD8704C-7689-B797-1259-23A355F1969D</dominantRole>
<identifying>true</identifying>
<optionalSource>false</optionalSource>
<optionalTarget>false</optionalTarget>
<sourceCardinality>1</sourceCardinality>
<sourceEntity>ABD8704C-7689-B797-1259-23A355F1969D</sourceEntity>
<targetCardinalityString>1</targetCardinalityString>
<targetEntity>D0AFB555-BC20-BFF0-B0A1-C5F35624C24E</targetEntity>
<transferable>true</transferable>
<deleteRule>CASCADE</deleteRule>
</Relation>