<?xml version = '1.0' encoding = 'UTF-8'?>
<Relation class="oracle.dbtools.crest.model.design.logical.Relation" name="like_Comments" directorySegmentName="seg_0" id="972C0F42-88FE-3A24-9B15-7DE75D2598E1">
<createdBy>Hidden Treasure</createdBy>
<createdTime>2019-05-21 15:08:18 UTC</createdTime>
<ownerDesignName>Network</ownerDesignName>
<engineerTo>
<item key="D3A610CB-5C89-AF00-F9EF-A81B419DED74" value="true"/>
</engineerTo>
<sourcePk>AAA00C33-119C-CBFE-E287-2F8CA4724B50</sourcePk>
<identifying>false</identifying>
<optionalSource>true</optionalSource>
<optionalTarget>false</optionalTarget>
<sourceCardinality>1</sourceCardinality>
<sourceEntity>45A5A11A-75AC-64F4-54BE-34D3D65AC251</sourceEntity>
<targetCardinalityString>*</targetCardinalityString>
<targetEntity>A599CED4-7B05-1BC6-7479-5B92FD0B6323</targetEntity>
<transferable>true</transferable>
<deleteRule>NO ACTION</deleteRule>
</Relation>