<?xml version = '1.0' encoding = 'UTF-8'?>
<Relation class="oracle.dbtools.crest.model.design.logical.Relation" name="`course_plan_course_fk`" directorySegmentName="seg_0" id="ADEC1D62-DB7D-6B9B-F739-1BBF2E0305D4">
<createdBy>Hidden Treasure</createdBy>
<createdTime>2019-05-19 10:30:05 UTC</createdTime>
<generatorID>4A65B34B-767E-60F0-2B3C-241F66E68D45</generatorID>
<ownerDesignName>Network</ownerDesignName>
<engineerTo>
<item key="D3A610CB-5C89-AF00-F9EF-A81B419DED74" value="true"/>
</engineerTo>
<sourcePk>22D96850-F728-930D-540F-33EF82A26A83</sourcePk>
<identifying>false</identifying>
<optionalSource>false</optionalSource>
<optionalTarget>false</optionalTarget>
<sourceCardinality>1</sourceCardinality>
<sourceEntity>4FDF48C7-E5E5-EB4E-5D43-C732D6246172</sourceEntity>
<targetCardinalityString>*</targetCardinalityString>
<targetEntity>C166CAF3-3D00-EC2F-7348-4AB1740CA2D0</targetEntity>
<transferable>true</transferable>
<deleteRule>CASCADE</deleteRule>
</Relation>