<?xml version = '1.0' encoding = 'UTF-8'?>
<Relation class="oracle.dbtools.crest.model.design.logical.Relation" name="`friends_friend_fk`" directorySegmentName="seg_0" id="FEBD0670-0F5A-A0DA-4530-653A26D50926">
<createdBy>Hidden Treasure</createdBy>
<createdTime>2019-05-19 10:30:05 UTC</createdTime>
<generatorID>0689E76C-D7ED-456B-A9C6-62C7E91C24BA</generatorID>
<ownerDesignName>Network</ownerDesignName>
<engineerTo>
<item key="D3A610CB-5C89-AF00-F9EF-A81B419DED74" value="true"/>
</engineerTo>
<sourcePk>8D235088-D80C-98B6-53FE-DB4E17FFFB99</sourcePk>
<identifying>false</identifying>
<optionalSource>false</optionalSource>
<optionalTarget>false</optionalTarget>
<sourceCardinality>1</sourceCardinality>
<sourceEntity>ABD8704C-7689-B797-1259-23A355F1969D</sourceEntity>
<targetCardinalityString>*</targetCardinalityString>
<targetEntity>C9071B50-CF05-596B-3234-D2C5B19C7BA7</targetEntity>
<transferable>true</transferable>
<deleteRule>CASCADE</deleteRule>
</Relation>