<?xml version = '1.0' encoding = 'UTF-8'?>
<Diagram class="oracle.dbtools.crest.swingui.logical.DPVLogical" name="Logical" id="50EFEAF7-3042-E483-EE9D-0FD2D0D4D3F4">
<createdBy>Hidden Treasure</createdBy>
<modifiedBy>Hidden Treasure</modifiedBy>
<createdTime>2019-05-19 10:30:05 UTC</createdTime>
<autoRoute>false</autoRoute>
<boxInbox>true</boxInbox>
<showLegend>false</showLegend>
<showLabels>false</showLabels>
<showRelAttributes>false</showRelAttributes>
<gridEnabled>false</gridEnabled>
<showGrid>false</showGrid>
<diagramColor>-1</diagramColor>
<display>false</display>
<notation>1</notation>
<objectViews>
<OView class="oracle.dbtools.crest.swingui.logical.TVEntity" oid="048B0151-B87A-E86E-0AA6-61295A14B7C8" otype="Entity" vid="BBA86181-5B69-A216-DEEC-33C103CD13E4">
<hideElementsInCurrentOnly>false</hideElementsInCurrentOnly>
<bounds x="765" y="218" width="119" height="67"/>
</OView>
<OView class="oracle.dbtools.crest.swingui.logical.TVEntity" oid="210C7D73-E9C3-C80E-0CCF-C9F2AB5EA38C" otype="Entity" vid="3608B46C-A6F1-7910-2C4E-A6DC8D42416F">
<hideElementsInCurrentOnly>false</hideElementsInCurrentOnly>
<bounds x="285" y="335" width="101" height="42"/>
</OView>
<OView class="oracle.dbtools.crest.swingui.logical.TVEntity" oid="45A5A11A-75AC-64F4-54BE-34D3D65AC251" otype="Entity" vid="06189908-C7E4-F28E-A1F8-0B43E5D52CA7">
<hideElementsInCurrentOnly>false</hideElementsInCurrentOnly>
<bounds x="34" y="181" width="75" height="50"/>
</OView>
<OView class="oracle.dbtools.crest.swingui.logical.TVEntity" oid="4FDF48C7-E5E5-EB4E-5D43-C732D6246172" otype="Entity" vid="A05E16AF-BDA8-6730-2AAD-E04B65A6082B">
<hideElementsInCurrentOnly>false</hideElementsInCurrentOnly>
<bounds x="653" y="0" width="97" height="68"/>
</OView>
<OView class="oracle.dbtools.crest.swingui.logical.TVEntity" oid="5BDA22F5-230D-349F-87E0-CFE8285D2446" otype="Entity" vid="A66FCB3B-5823-6931-52E6-DE597B7810CB">
<hideElementsInCurrentOnly>false</hideElementsInCurrentOnly>
<bounds x="868" y="101" width="105" height="53"/>
</OView>
<OView class="oracle.dbtools.crest.swingui.logical.TVEntity" oid="665F4F07-7A42-07E3-0025-40E42F832B79" otype="Entity" vid="5BDCA4C3-C8E7-6696-7264-0ECFA9F9839E">
<hideElementsInCurrentOnly>false</hideElementsInCurrentOnly>
<bounds x="49" y="314" width="101" height="55"/>
</OView>
<OView class="oracle.dbtools.crest.swingui.logical.TVEntity" oid="768AB4F4-A38C-1F04-7AB6-D10193E1DFFF" otype="Entity" vid="245E74AA-30C3-E26B-8C9A-E766E92F9718">
<hideElementsInCurrentOnly>false</hideElementsInCurrentOnly>
<bounds x="517" y="306" width="84" height="104"/>
</OView>
<OView class="oracle.dbtools.crest.swingui.logical.TVEntity" oid="97733D37-F0E7-F7B0-3297-CA8E8E590CFF" otype="Entity" vid="0BCE3979-139B-E664-39D0-F2F9B2C6BEBC">
<hideElementsInCurrentOnly>false</hideElementsInCurrentOnly>
<bounds x="266" y="0" width="110" height="72"/>
</OView>
<OView class="oracle.dbtools.crest.swingui.logical.TVEntity" oid="9D83180E-C56A-E2D9-8600-F196046D4A30" otype="Entity" vid="03C6C3DE-8CC3-6E54-F993-888228AC89F7">
<hideElementsInCurrentOnly>false</hideElementsInCurrentOnly>
<bounds x="483" y="49" width="96" height="46"/>
</OView>
<OView class="oracle.dbtools.crest.swingui.logical.TVEntity" oid="A599CED4-7B05-1BC6-7479-5B92FD0B6323" otype="Entity" vid="5AAC02D3-7EC5-6F34-31BA-495B7858FD47">
<hideElementsInCurrentOnly>false</hideElementsInCurrentOnly>
<bounds x="49" y="44" width="116" height="67"/>
</OView>
<OView class="oracle.dbtools.crest.swingui.logical.TVEntity" oid="ABD8704C-7689-B797-1259-23A355F1969D" otype="Entity" vid="22175B22-0F0B-6FEC-B514-C57A5E1799B3">
<hideElementsInCurrentOnly>false</hideElementsInCurrentOnly>
<bounds x="326" y="119" width="109" height="138"/>
</OView>
<OView class="oracle.dbtools.crest.swingui.logical.TVEntity" oid="BEBE2184-8240-48D4-BE17-900A9E20B01D" otype="Entity" vid="1C9B723C-B44E-C962-2473-BC84DF3D1893">
<hideElementsInCurrentOnly>false</hideElementsInCurrentOnly>
<bounds x="865" y="329" width="114" height="51"/>
</OView>
<OView class="oracle.dbtools.crest.swingui.logical.TVEntity" oid="C166CAF3-3D00-EC2F-7348-4AB1740CA2D0" otype="Entity" vid="72E1A77B-724E-FA39-6C35-01F13BA4E747">
<hideElementsInCurrentOnly>false</hideElementsInCurrentOnly>
<bounds x="865" y="8" width="100" height="47"/>
</OView>
<OView class="oracle.dbtools.crest.swingui.logical.TVEntity" oid="C9071B50-CF05-596B-3234-D2C5B19C7BA7" otype="Entity" vid="06C2A4CD-5443-E06B-398B-3918E70C1306">
<hideElementsInCurrentOnly>false</hideElementsInCurrentOnly>
<bounds x="626" y="151" width="76" height="43"/>
</OView>
<OView class="oracle.dbtools.crest.swingui.logical.TVEntity" oid="D0AFB555-BC20-BFF0-B0A1-C5F35624C24E" otype="Entity" vid="AD7D17C2-220C-C563-687B-65B546214A54">
<hideElementsInCurrentOnly>false</hideElementsInCurrentOnly>
<bounds x="697" y="307" width="88" height="84"/>
</OView>
</objectViews>
<connectors>
<Connector class="oracle.dbtools.crest.swingui.logical.TVRelation" oid="08BC9FA1-111B-25EA-D947-D9CE88116732" otype="Relation" vid_source="22175B22-0F0B-6FEC-B514-C57A5E1799B3" vid_target="3608B46C-A6F1-7910-2C4E-A6DC8D42416F">
<hideElementsInCurrentOnly>false</hideElementsInCurrentOnly>
<backgroundColor>-16777216</backgroundColor>
<lineWidth>1</lineWidth>
<points>
<point x="356" y="257"/>
<point x="356" y="335"/>
</points>
</Connector>
<Connector class="oracle.dbtools.crest.swingui.logical.TVRelation" oid="1CEB588C-3BCC-3D16-042B-3129C5A4826D" otype="Relation" vid_source="5BDCA4C3-C8E7-6696-7264-0ECFA9F9839E" vid_target="3608B46C-A6F1-7910-2C4E-A6DC8D42416F">
<hideElementsInCurrentOnly>false</hideElementsInCurrentOnly>
<backgroundColor>-16777216</backgroundColor>
<lineWidth>1</lineWidth>
<points>
<point x="150" y="352"/>
<point x="285" y="352"/>
</points>
</Connector>
<Connector class="oracle.dbtools.crest.swingui.logical.TVRelation" oid="30717495-E172-8E8D-18EC-AEE66BB5E148" otype="Relation" vid_source="22175B22-0F0B-6FEC-B514-C57A5E1799B3" vid_target="245E74AA-30C3-E26B-8C9A-E766E92F9718">
<hideElementsInCurrentOnly>false</hideElementsInCurrentOnly>
<backgroundColor>-16777216</backgroundColor>
<lineWidth>1</lineWidth>
<points>
<point x="435" y="239"/>
<point x="517" y="318"/>
</points>
</Connector>
<Connector class="oracle.dbtools.crest.swingui.logical.TVRelation" oid="36E91DE1-6608-B44E-BE74-9DF0BDB65BDA" otype="Relation" vid_source="22175B22-0F0B-6FEC-B514-C57A5E1799B3" vid_target="03C6C3DE-8CC3-6E54-F993-888228AC89F7">
<hideElementsInCurrentOnly>false</hideElementsInCurrentOnly>
<backgroundColor>-16777216</backgroundColor>
<lineWidth>1</lineWidth>
<points>
<point x="435" y="145"/>
<point x="501" y="95"/>
</points>
</Connector>
<Connector class="oracle.dbtools.crest.swingui.logical.TVRelation" oid="41DB3DD7-0085-F680-45AE-FDFB13C33B29" otype="Relation" vid_source="22175B22-0F0B-6FEC-B514-C57A5E1799B3" vid_target="AD7D17C2-220C-C563-687B-65B546214A54">
<hideElementsInCurrentOnly>false</hideElementsInCurrentOnly>
<backgroundColor>-16777216</backgroundColor>
<lineWidth>1</lineWidth>
<points>
<point x="435" y="212"/>
<point x="697" y="329"/>
</points>
</Connector>
<Connector class="oracle.dbtools.crest.swingui.logical.TVRelation" oid="4BFA4AA1-1089-8050-5A23-B21C2A8F5774" otype="Relation" vid_source="0BCE3979-139B-E664-39D0-F2F9B2C6BEBC" vid_target="03C6C3DE-8CC3-6E54-F993-888228AC89F7">
<hideElementsInCurrentOnly>false</hideElementsInCurrentOnly>
<backgroundColor>-16777216</backgroundColor>
<lineWidth>1</lineWidth>
<points>
<point x="376" y="60"/>
<point x="483" y="60"/>
</points>
</Connector>
<Connector class="oracle.dbtools.crest.swingui.logical.TVRelation" oid="4CAAF28F-BA0E-8527-02E6-453E728B75D5" otype="Relation" vid_source="22175B22-0F0B-6FEC-B514-C57A5E1799B3" vid_target="5AAC02D3-7EC5-6F34-31BA-495B7858FD47">
<hideElementsInCurrentOnly>false</hideElementsInCurrentOnly>
<backgroundColor>-16777216</backgroundColor>
<lineWidth>1</lineWidth>
<points>
<point x="326" y="165"/>
<point x="165" y="85"/>
</points>
</Connector>
<Connector class="oracle.dbtools.crest.swingui.logical.TVRelation" oid="5891DFD5-EC55-4C63-044A-5EB331906E04" otype="Relation" vid_source="06C2A4CD-5443-E06B-398B-3918E70C1306" vid_target="BBA86181-5B69-A216-DEEC-33C103CD13E4">
<hideElementsInCurrentOnly>false</hideElementsInCurrentOnly>
<backgroundColor>-16777216</backgroundColor>
<lineWidth>1</lineWidth>
<points>
<point x="702" y="191"/>
<point x="765" y="222"/>
</points>
</Connector>
<Connector class="oracle.dbtools.crest.swingui.logical.TVRelation" oid="874A8D5D-18F9-0698-1684-CA730E36ADE8" otype="Relation" vid_source="A66FCB3B-5823-6931-52E6-DE597B7810CB" vid_target="72E1A77B-724E-FA39-6C35-01F13BA4E747">
<hideElementsInCurrentOnly>false</hideElementsInCurrentOnly>
<backgroundColor>-16777216</backgroundColor>
<lineWidth>1</lineWidth>
<points>
<point x="916" y="101"/>
<point x="916" y="55"/>
</points>
</Connector>
<Connector class="oracle.dbtools.crest.swingui.logical.TVRelation" oid="8E215575-8BB8-E3F1-12B8-2F3772BA913F" otype="Relation" vid_source="22175B22-0F0B-6FEC-B514-C57A5E1799B3" vid_target="06C2A4CD-5443-E06B-398B-3918E70C1306">
<hideElementsInCurrentOnly>false</hideElementsInCurrentOnly>
<backgroundColor>-16777216</backgroundColor>
<lineWidth>1</lineWidth>
<points>
<point x="435" y="157"/>
<point x="626" y="157"/>
</points>
</Connector>
<Connector class="oracle.dbtools.crest.swingui.logical.TVRelation" oid="923A0497-AC90-1602-A337-F684258A4A09" otype="Relation" vid_source="1C9B723C-B44E-C962-2473-BC84DF3D1893" vid_target="A66FCB3B-5823-6931-52E6-DE597B7810CB">
<hideElementsInCurrentOnly>false</hideElementsInCurrentOnly>
<backgroundColor>-16777216</backgroundColor>
<lineWidth>1</lineWidth>
<points>
<point x="920" y="329"/>
<point x="920" y="154"/>
</points>
</Connector>
<Connector class="oracle.dbtools.crest.swingui.logical.TVRelation" oid="972C0F42-88FE-3A24-9B15-7DE75D2598E1" otype="Relation" vid_source="06189908-C7E4-F28E-A1F8-0B43E5D52CA7" vid_target="5AAC02D3-7EC5-6F34-31BA-495B7858FD47">
<hideElementsInCurrentOnly>false</hideElementsInCurrentOnly>
<backgroundColor>-16777216</backgroundColor>
<lineWidth>1</lineWidth>
<points>
<point x="79" y="181"/>
<point x="79" y="111"/>
</points>
</Connector>
<Connector class="oracle.dbtools.crest.swingui.logical.TVRelation" oid="ADEC1D62-DB7D-6B9B-F739-1BBF2E0305D4" otype="Relation" vid_source="A05E16AF-BDA8-6730-2AAD-E04B65A6082B" vid_target="72E1A77B-724E-FA39-6C35-01F13BA4E747">
<hideElementsInCurrentOnly>false</hideElementsInCurrentOnly>
<backgroundColor>-16777216</backgroundColor>
<lineWidth>1</lineWidth>
<points>
<point x="750" y="31"/>
<point x="865" y="31"/>
</points>
</Connector>
<Connector class="oracle.dbtools.crest.swingui.logical.TVRelation" oid="AE55359A-B982-9ADD-D9D0-3A30C05C18B7" otype="Relation" vid_source="A05E16AF-BDA8-6730-2AAD-E04B65A6082B" vid_target="22175B22-0F0B-6FEC-B514-C57A5E1799B3">
<hideElementsInCurrentOnly>false</hideElementsInCurrentOnly>
<backgroundColor>-16777216</backgroundColor>
<lineWidth>1</lineWidth>
<points>
<point x="653" y="57"/>
<point x="435" y="191"/>
</points>
</Connector>
<Connector class="oracle.dbtools.crest.swingui.logical.TVRelation" oid="D456905F-85CE-B10A-C753-74200D7C8D13" otype="Relation" vid_source="0BCE3979-139B-E664-39D0-F2F9B2C6BEBC" vid_target="5AAC02D3-7EC5-6F34-31BA-495B7858FD47">
<hideElementsInCurrentOnly>false</hideElementsInCurrentOnly>
<backgroundColor>-16777216</backgroundColor>
<lineWidth>1</lineWidth>
<points>
<point x="266" y="58"/>
<point x="165" y="58"/>
</points>
</Connector>
<Connector class="oracle.dbtools.crest.swingui.logical.TVRelation" oid="D8A42B59-E02C-B007-58EA-E5B2A9092F91" otype="Relation" vid_source="A05E16AF-BDA8-6730-2AAD-E04B65A6082B" vid_target="0BCE3979-139B-E664-39D0-F2F9B2C6BEBC">
<hideElementsInCurrentOnly>false</hideElementsInCurrentOnly>
<backgroundColor>-16777216</backgroundColor>
<lineWidth>1</lineWidth>
<points>
<point x="653" y="34"/>
<point x="376" y="34"/>
</points>
</Connector>
<Connector class="oracle.dbtools.crest.swingui.logical.TVRelation" oid="F6E298D9-3CFC-352E-133C-F79404495641" otype="Relation" vid_source="22175B22-0F0B-6FEC-B514-C57A5E1799B3" vid_target="BBA86181-5B69-A216-DEEC-33C103CD13E4">
<hideElementsInCurrentOnly>false</hideElementsInCurrentOnly>
<backgroundColor>-16777216</backgroundColor>
<lineWidth>1</lineWidth>
<points>
<point x="435" y="252"/>
<point x="765" y="252"/>
</points>
</Connector>
<Connector class="oracle.dbtools.crest.swingui.logical.TVRelation" oid="FAEE5F8D-E0AD-BA53-4B1C-DA4B1E3D9AFD" otype="Relation" vid_source="5AAC02D3-7EC5-6F34-31BA-495B7858FD47" vid_target="5AAC02D3-7EC5-6F34-31BA-495B7858FD47">
<hideElementsInCurrentOnly>false</hideElementsInCurrentOnly>
<backgroundColor>-16777216</backgroundColor>
<lineWidth>1</lineWidth>
<points>
<point x="165" y="83"/>
<point x="190" y="83"/>
<point x="190" y="136"/>
<point x="117" y="136"/>
<point x="117" y="111"/>
</points>
</Connector>
<Connector class="oracle.dbtools.crest.swingui.logical.TVRelation" oid="FEBD0670-0F5A-A0DA-4530-653A26D50926" otype="Relation" vid_source="22175B22-0F0B-6FEC-B514-C57A5E1799B3" vid_target="06C2A4CD-5443-E06B-398B-3918E70C1306">
<hideElementsInCurrentOnly>false</hideElementsInCurrentOnly>
<backgroundColor>-16777216</backgroundColor>
<lineWidth>1</lineWidth>
<points>
<point x="435" y="172"/>
<point x="626" y="172"/>
</points>
</Connector>
</connectors>
</Diagram>