<?xml version = '1.0' encoding = 'UTF-8'?>
<Table class="oracle.dbtools.crest.model.design.relational.Table" directorySegmentName="seg_0" id="08412242-0FE0-36C8-71CE-77C8ED9DF048" name="address">
<sourceDDLFile>network.sql</sourceDDLFile>
<createdBy>Hidden Treasure</createdBy>
<createdTime>2019-05-19 10:28:40 UTC</createdTime>
<ownerDesignName>Network</ownerDesignName>
<importedID>26771F14-A2D1-073E-730F-D19A744526D7</importedID>
<allowColumnReorder>false</allowColumnReorder>
<existDependencyGenerateInDDl>true</existDependencyGenerateInDDl>
<parsed>true</parsed>
<columns itemClass="oracle.dbtools.crest.model.design.relational.Column">
<Column name="address_id" id="5C8E6CD0-DEBB-14C9-8C06-45F8150059D5">
<sourceDDLFile>network.sql</sourceDDLFile>
<createdBy>Hidden Treasure</createdBy>
<createdTime>2019-05-19 10:28:42 UTC</createdTime>
<ownerDesignName>Network</ownerDesignName>
<importedID>AEC3C894-56C1-E2C2-2BF0-E538E9B5F324</importedID>
<useDomainConstraints>false</useDomainConstraints>
<use>0</use>
<logicalDatatype>LOGDT011</logicalDatatype>
<domain>1C40A755-8DF8-0D1A-C1D3-64622BEC608B</domain>
<ownDataTypeParameters>,,</ownDataTypeParameters>
<autoIncrementCycle>false</autoIncrementCycle>
</Column>
<Column name="street" id="332DFFEA-45B4-9469-D030-0003899B663F">
<sourceDDLFile>network.sql</sourceDDLFile>
<createdBy>Hidden Treasure</createdBy>
<createdTime>2019-05-19 10:28:42 UTC</createdTime>
<ownerDesignName>Network</ownerDesignName>
<importedID>F2E7ECB7-09A1-F57B-8AC2-B7325A88833E</importedID>
<useDomainConstraints>false</useDomainConstraints>
<use>0</use>
<logicalDatatype>LOGDT024</logicalDatatype>
<domain>11242DF3-5A82-8C6C-BFFF-947F58036179</domain>
<ownDataTypeParameters>,,</ownDataTypeParameters>
<autoIncrementCycle>false</autoIncrementCycle>
</Column>
<Column name="street_no" id="6E839587-E2E7-E6AE-0EF1-D643C2232111">
<sourceDDLFile>network.sql</sourceDDLFile>
<createdBy>Hidden Treasure</createdBy>
<createdTime>2019-05-19 10:28:42 UTC</createdTime>
<ownerDesignName>Network</ownerDesignName>
<importedID>80BB7FD3-A7E5-7E63-F053-4AA3F741385D</importedID>
<useDomainConstraints>false</useDomainConstraints>
<use>1</use>
<logicalDatatype>LOGDT019</logicalDatatype>
<ownDataTypeParameters>,,</ownDataTypeParameters>
<autoIncrementCycle>false</autoIncrementCycle>
</Column>
<Column name="city" id="5931E5C8-97F1-9A2C-9273-C5041B89EBBC">
<sourceDDLFile>network.sql</sourceDDLFile>
<createdBy>Hidden Treasure</createdBy>
<createdTime>2019-05-19 10:28:42 UTC</createdTime>
<ownerDesignName>Network</ownerDesignName>
<importedID>C01DEB66-8B7D-C624-6E30-F5ABAD95BE83</importedID>
<useDomainConstraints>false</useDomainConstraints>
<use>0</use>
<logicalDatatype>LOGDT024</logicalDatatype>
<domain>11242DF3-5A82-8C6C-BFFF-947F58036179</domain>
<ownDataTypeParameters>,,</ownDataTypeParameters>
<autoIncrementCycle>false</autoIncrementCycle>
</Column>
<Column name="post_code" id="94B2B8FC-481D-5A75-64A7-6D35857D4D27">
<sourceDDLFile>network.sql</sourceDDLFile>
<createdBy>Hidden Treasure</createdBy>
<createdTime>2019-05-19 10:28:42 UTC</createdTime>
<ownerDesignName>Network</ownerDesignName>
<importedID>B5BC83DD-6679-E15B-37EB-FDD3C9D9BDE7</importedID>
<useDomainConstraints>false</useDomainConstraints>
<use>1</use>
<logicalDatatype>LOGDT019</logicalDatatype>
<ownDataTypeParameters>,,</ownDataTypeParameters>
<autoIncrementCycle>false</autoIncrementCycle>
</Column>
<Column name="users_user_id" id="44FC1B1E-EF6D-8B16-D389-3BB4CAE26FEC">
<sourceDDLFile>network.sql</sourceDDLFile>
<createdBy>Hidden Treasure</createdBy>
<createdTime>2019-05-19 10:28:42 UTC</createdTime>
<ownerDesignName>Network</ownerDesignName>
<importedID>AA8FD13A-054E-E293-E0A2-7C1AE2FBB896</importedID>
<useDomainConstraints>false</useDomainConstraints>
<use>0</use>
<logicalDatatype>LOGDT011</logicalDatatype>
<domain>1C40A755-8DF8-0D1A-C1D3-64622BEC608B</domain>
<ownDataTypeParameters>,,</ownDataTypeParameters>
<autoIncrementCycle>false</autoIncrementCycle>
<associations>
<colAssociation fkAssociation="24609F40-A756-E62C-2A3C-D381143D2DF2" referredColumn="C0786AFF-5C21-9B5A-189E-5D62F824564B"/>
</associations>
</Column>
</columns>
<indexes itemClass="oracle.dbtools.crest.model.design.relational.Index">
<ind_PK_UK id="666786CE-E210-FB64-7D3D-C82536D53A3B" name="address_PK">
<sourceDDLFile>network.sql</sourceDDLFile>
<createdBy>Hidden Treasure</createdBy>
<createdTime>2019-05-19 10:28:42 UTC</createdTime>
<ownerDesignName>Network</ownerDesignName>
<importedID>F66D00E0-184E-105F-72E9-120961C714AE</importedID>
<pk>true</pk>
<indexState>Primary Constraint</indexState>
<isSurrogateKey>false</isSurrogateKey>
<indexColumnUsage>
<colUsage columnID="5C8E6CD0-DEBB-14C9-8C06-45F8150059D5"/>
</indexColumnUsage>
</ind_PK_UK>
<ind_PK_UK id="396FB908-4AFD-4EFC-E770-F7E65FDBBBBC" name="address_users_FK">
<createdBy>Hidden Treasure</createdBy>
<createdTime>2019-05-19 10:28:42 UTC</createdTime>
<ownerDesignName>Network</ownerDesignName>
<indexState>Foreign Key</indexState>
<isSurrogateKey>false</isSurrogateKey>
<indexColumnUsage>
<colUsage columnID="44FC1B1E-EF6D-8B16-D389-3BB4CAE26FEC"/>
</indexColumnUsage>
</ind_PK_UK>
</indexes>
</Table>