<?xml version = '1.0' encoding = 'UTF-8'?>
<Table class="oracle.dbtools.crest.model.design.relational.Table" directorySegmentName="seg_0" id="493C28E6-B9C2-0978-37FD-62870297458E" name="user_group">
<sourceDDLFile>network.sql</sourceDDLFile>
<createdBy>Hidden Treasure</createdBy>
<createdTime>2019-05-19 10:28:41 UTC</createdTime>
<ownerDesignName>Network</ownerDesignName>
<importedID>0B6591D6-3A53-5108-A91A-0751FB9E4DBA</importedID>
<allowColumnReorder>false</allowColumnReorder>
<existDependencyGenerateInDDl>true</existDependencyGenerateInDDl>
<parsed>true</parsed>
<columns itemClass="oracle.dbtools.crest.model.design.relational.Column">
<Column name="userGroup_id" id="47FD4A49-FF9B-BBF2-CBA2-47D878AF15DE">
<sourceDDLFile>network.sql</sourceDDLFile>
<createdBy>Hidden Treasure</createdBy>
<createdTime>2019-05-19 10:28:42 UTC</createdTime>
<ownerDesignName>Network</ownerDesignName>
<importedID>F10E7819-B003-966C-0D0C-C3AAC867C7B2</importedID>
<useDomainConstraints>false</useDomainConstraints>
<use>0</use>
<logicalDatatype>LOGDT011</logicalDatatype>
<domain>1C40A755-8DF8-0D1A-C1D3-64622BEC608B</domain>
<ownDataTypeParameters>,,</ownDataTypeParameters>
<autoIncrementCycle>false</autoIncrementCycle>
</Column>
<Column name="users_user_id" id="9B4E2F94-7868-7893-578C-DA30130B8A0C">
<sourceDDLFile>network.sql</sourceDDLFile>
<createdBy>Hidden Treasure</createdBy>
<createdTime>2019-05-19 10:28:42 UTC</createdTime>
<ownerDesignName>Network</ownerDesignName>
<importedID>56431021-8186-C5FE-04F1-2A8560199B15</importedID>
<useDomainConstraints>false</useDomainConstraints>
<use>0</use>
<logicalDatatype>LOGDT011</logicalDatatype>
<domain>1C40A755-8DF8-0D1A-C1D3-64622BEC608B</domain>
<ownDataTypeParameters>,,</ownDataTypeParameters>
<autoIncrementCycle>false</autoIncrementCycle>
<associations>
<colAssociation fkAssociation="2B32B48A-DA79-AE8D-1210-424D017D5C56" referredColumn="C0786AFF-5C21-9B5A-189E-5D62F824564B"/>
</associations>
</Column>
<Column name="groups_group_id" id="939F9F57-9BC4-11A6-6BD0-F17FCE50BD2F">
<sourceDDLFile>network.sql</sourceDDLFile>
<createdBy>Hidden Treasure</createdBy>
<createdTime>2019-05-19 10:28:42 UTC</createdTime>
<ownerDesignName>Network</ownerDesignName>
<importedID>4B2AFDEA-027C-1A80-9DA1-E0CDF948DE9D</importedID>
<useDomainConstraints>false</useDomainConstraints>
<use>0</use>
<logicalDatatype>LOGDT011</logicalDatatype>
<domain>1C40A755-8DF8-0D1A-C1D3-64622BEC608B</domain>
<ownDataTypeParameters>,,</ownDataTypeParameters>
<autoIncrementCycle>false</autoIncrementCycle>
<associations>
<colAssociation fkAssociation="5FD21F8F-AC5A-0974-55D5-608E86B9DE61" referredColumn="2CC02C64-48A6-ACA1-5E1E-E96C1CC642B5"/>
</associations>
</Column>
</columns>
<indexes itemClass="oracle.dbtools.crest.model.design.relational.Index">
<ind_PK_UK id="809716A4-8EFB-7460-4D91-A4E9E3E7D334" name="user_group_PK">
<sourceDDLFile>network.sql</sourceDDLFile>
<createdBy>Hidden Treasure</createdBy>
<createdTime>2019-05-19 10:28:42 UTC</createdTime>
<ownerDesignName>Network</ownerDesignName>
<importedID>CD6AAC96-724D-E79D-5658-6F8261F5F34C</importedID>
<pk>true</pk>
<indexState>Primary Constraint</indexState>
<isSurrogateKey>false</isSurrogateKey>
<indexColumnUsage>
<colUsage columnID="47FD4A49-FF9B-BBF2-CBA2-47D878AF15DE"/>
</indexColumnUsage>
</ind_PK_UK>
<ind_PK_UK id="CA4D37EA-3F0F-8150-B1B6-D7D35796E842" name="user_group_groups_FK">
<createdBy>Hidden Treasure</createdBy>
<createdTime>2019-05-19 10:28:42 UTC</createdTime>
<ownerDesignName>Network</ownerDesignName>
<indexState>Foreign Key</indexState>
<isSurrogateKey>false</isSurrogateKey>
<indexColumnUsage>
<colUsage columnID="939F9F57-9BC4-11A6-6BD0-F17FCE50BD2F"/>
</indexColumnUsage>
</ind_PK_UK>
<ind_PK_UK id="FD575DC3-AFE3-2007-9E2B-C5350D0262BF" name="user_group_users_FK">
<createdBy>Hidden Treasure</createdBy>
<createdTime>2019-05-19 10:28:42 UTC</createdTime>
<ownerDesignName>Network</ownerDesignName>
<indexState>Foreign Key</indexState>
<isSurrogateKey>false</isSurrogateKey>
<indexColumnUsage>
<colUsage columnID="9B4E2F94-7868-7893-578C-DA30130B8A0C"/>
</indexColumnUsage>
</ind_PK_UK>
</indexes>
</Table>