<?xml version = '1.0' encoding = 'UTF-8'?>
<Table class="oracle.dbtools.crest.model.design.relational.Table" directorySegmentName="seg_0" id="84894DF4-1E70-A9FA-69DC-6BA769443AE5" name="category">
<sourceDDLFile>network.sql</sourceDDLFile>
<createdBy>Hidden Treasure</createdBy>
<createdTime>2019-05-19 10:28:41 UTC</createdTime>
<ownerDesignName>Network</ownerDesignName>
<importedID>424CAB03-AD35-B0DF-41C5-DCA56B302EEC</importedID>
<allowColumnReorder>false</allowColumnReorder>
<existDependencyGenerateInDDl>true</existDependencyGenerateInDDl>
<parsed>true</parsed>
<columns itemClass="oracle.dbtools.crest.model.design.relational.Column">
<Column name="category_id" id="B0209DB8-42B2-3F4C-CCC9-9CE4FD0BF8EA">
<sourceDDLFile>network.sql</sourceDDLFile>
<createdBy>Hidden Treasure</createdBy>
<createdTime>2019-05-19 10:28:42 UTC</createdTime>
<ownerDesignName>Network</ownerDesignName>
<importedID>1F104772-22CA-5320-50F6-383FBCF928E3</importedID>
<useDomainConstraints>false</useDomainConstraints>
<use>0</use>
<logicalDatatype>LOGDT011</logicalDatatype>
<domain>1C40A755-8DF8-0D1A-C1D3-64622BEC608B</domain>
<ownDataTypeParameters>,,</ownDataTypeParameters>
<autoIncrementCycle>false</autoIncrementCycle>
</Column>
<Column name="category_Name" id="BD60B030-70A8-CC74-77B7-63FE7AB100C0">
<sourceDDLFile>network.sql</sourceDDLFile>
<createdBy>Hidden Treasure</createdBy>
<createdTime>2019-05-19 10:28:42 UTC</createdTime>
<ownerDesignName>Network</ownerDesignName>
<importedID>2D1C6D9F-72E4-91FA-8181-6343CD9B2B1E</importedID>
<useDomainConstraints>false</useDomainConstraints>
<use>0</use>
<logicalDatatype>LOGDT024</logicalDatatype>
<domain>11242DF3-5A82-8C6C-BFFF-947F58036179</domain>
<ownDataTypeParameters>,,</ownDataTypeParameters>
<autoIncrementCycle>false</autoIncrementCycle>
</Column>
</columns>
<indexes itemClass="oracle.dbtools.crest.model.design.relational.Index">
<ind_PK_UK id="9895E7AB-41AB-FEE0-44BF-05F125CC48F9" name="category_PK">
<sourceDDLFile>network.sql</sourceDDLFile>
<createdBy>Hidden Treasure</createdBy>
<createdTime>2019-05-19 10:28:42 UTC</createdTime>
<ownerDesignName>Network</ownerDesignName>
<importedID>AFA42040-8FF1-CE0E-A539-B0F874744549</importedID>
<pk>true</pk>
<indexState>Primary Constraint</indexState>
<isSurrogateKey>false</isSurrogateKey>
<indexColumnUsage>
<colUsage columnID="B0209DB8-42B2-3F4C-CCC9-9CE4FD0BF8EA"/>
</indexColumnUsage>
</ind_PK_UK>
</indexes>
</Table>