<?xml version = '1.0' encoding = 'UTF-8'?>
<FKIndexAssociation class="oracle.dbtools.crest.model.design.relational.FKIndexAssociation" directorySegmentName="seg_0" id="4A65B34B-767E-60F0-2B3C-241F66E68D45" containerWithKeyObject="787B730A-84DA-D014-C113-2F84146998F9" localFKIndex="6207DDC6-D191-F546-D7CB-0ACD1295B358" name="course_plan_courses_FK">
<sourceDDLFile>network.sql</sourceDDLFile>
<createdBy>Hidden Treasure</createdBy>
<createdTime>2019-05-19 10:28:42 UTC</createdTime>
<ownerDesignName>Network</ownerDesignName>
<importedID>6C99DE05-F185-D110-FF2A-9A142BC084A3</importedID>
<referredTableLongName>courses</referredTableLongName>
<deleteRule>CASCADE</deleteRule>
<referredTableID>A8C7A5C4-7DDE-7BBD-C2B0-E2EE6AC8A3F8</referredTableID>
<keyObject>79B3A2FE-6C32-5647-E7E7-7DF21EA67100</keyObject>
<referredKeyID>79B3A2FE-6C32-5647-E7E7-7DF21EA67100</referredKeyID>
<mandatory>true</mandatory>
<refColNames>course_id</refColNames>
<transferable>true</transferable>
<rely>false</rely>
<columnDependencyConstraintGenerateInDDL>true</columnDependencyConstraintGenerateInDDL>
</FKIndexAssociation>