<?xml version = '1.0' encoding = 'UTF-8'?>
<FKIndexAssociation class="oracle.dbtools.crest.model.design.relational.FKIndexAssociation" directorySegmentName="seg_0" id="57F1580B-D597-3303-4093-DCF8D38F8898" containerWithKeyObject="6B75025B-40DB-1114-3EFC-81ABECF92D50" localFKIndex="8C4B88BD-9103-EC69-9BC3-983620A178F0" name="comments_groups_FK">
<sourceDDLFile>network.sql</sourceDDLFile>
<createdBy>Hidden Treasure</createdBy>
<createdTime>2019-05-19 10:28:42 UTC</createdTime>
<ownerDesignName>Network</ownerDesignName>
<importedID>61096035-5D48-7CC7-9CC8-76EF964DF42F</importedID>
<referredTableLongName>groups</referredTableLongName>
<deleteRule>CASCADE</deleteRule>
<referredTableID>20D9AF07-B9AD-3AEC-91C6-748368B796E8</referredTableID>
<keyObject>41F45EF1-8878-47B0-26AD-6CDB35E2A555</keyObject>
<referredKeyID>41F45EF1-8878-47B0-26AD-6CDB35E2A555</referredKeyID>
<mandatory>true</mandatory>
<refColNames>group_id</refColNames>
<transferable>true</transferable>
<rely>false</rely>
<columnDependencyConstraintGenerateInDDL>true</columnDependencyConstraintGenerateInDDL>
</FKIndexAssociation>