<?xml version = '1.0' encoding = 'UTF-8'?>
<FKIndexAssociation class="oracle.dbtools.crest.model.design.relational.FKIndexAssociation" directorySegmentName="seg_0" id="A8E43EDC-BA13-14F5-3A49-057DE0768AA3" containerWithKeyObject="6B75025B-40DB-1114-3EFC-81ABECF92D50" localFKIndex="90625CD6-66BF-9D73-AB05-4255F80768FC" name="comments_comments_FK">
<sourceDDLFile>network.sql</sourceDDLFile>
<createdBy>Hidden Treasure</createdBy>
<createdTime>2019-05-19 10:28:42 UTC</createdTime>
<ownerDesignName>Network</ownerDesignName>
<importedID>5AA588C2-7167-6369-9DDE-44C733744035</importedID>
<referredTableLongName>comments</referredTableLongName>
<deleteRule>CASCADE</deleteRule>
<referredTableID>6B75025B-40DB-1114-3EFC-81ABECF92D50</referredTableID>
<keyObject>BCE9DACA-DCC2-5972-D391-D98DE4CA4342</keyObject>
<referredKeyID>BCE9DACA-DCC2-5972-D391-D98DE4CA4342</referredKeyID>
<mandatory>false</mandatory>
<refColNames>comment_id</refColNames>
<transferable>true</transferable>
<rely>false</rely>
<columnDependencyConstraintGenerateInDDL>true</columnDependencyConstraintGenerateInDDL>
</FKIndexAssociation>