<?xml version = '1.0' encoding = 'UTF-8'?>
<FKIndexAssociation class="oracle.dbtools.crest.model.design.relational.FKIndexAssociation" directorySegmentName="seg_0" id="BA9B7701-88A7-463A-C056-BBD768C146E8" containerWithKeyObject="059F4CA0-8543-263F-04B8-FF53DC03595C" localFKIndex="93032F08-B3E9-F3BB-3710-2A166B06DA69" name="contact_users_FK">
<sourceDDLFile>network.sql</sourceDDLFile>
<createdBy>Hidden Treasure</createdBy>
<createdTime>2019-05-19 10:28:42 UTC</createdTime>
<ownerDesignName>Network</ownerDesignName>
<importedID>0B0FA62A-2580-4D27-91F6-29550FB2EF57</importedID>
<referredTableLongName>users</referredTableLongName>
<deleteRule>CASCADE</deleteRule>
<referredTableID>9D62BF7D-6C1B-467D-0E90-43319852ADAA</referredTableID>
<keyObject>45E7CD5B-4A4C-A97E-7ECC-746F581F99BB</keyObject>
<referredKeyID>45E7CD5B-4A4C-A97E-7ECC-746F581F99BB</referredKeyID>
<mandatory>true</mandatory>
<refColNames>user_id</refColNames>
<transferable>true</transferable>
<rely>false</rely>
<columnDependencyConstraintGenerateInDDL>true</columnDependencyConstraintGenerateInDDL>
</FKIndexAssociation>