<?xml version = '1.0' encoding = 'UTF-8'?>
<FKIndexAssociation class="oracle.dbtools.crest.model.design.relational.FKIndexAssociation" directorySegmentName="seg_0" id="C412038E-3697-AEB9-42AA-5E77FC06C435" containerWithKeyObject="184FC159-A22E-50FF-CC2F-5FCF7B138B8B" localFKIndex="5CCC98DD-A59E-4E0F-9767-7C93184DF5E7" name="messages_users_FK">
<sourceDDLFile>network.sql</sourceDDLFile>
<createdBy>Hidden Treasure</createdBy>
<createdTime>2019-05-19 10:28:42 UTC</createdTime>
<ownerDesignName>Network</ownerDesignName>
<importedID>156C76CF-1416-F123-5616-C985960D5EA6</importedID>
<referredTableLongName>users</referredTableLongName>
<deleteRule>CASCADE</deleteRule>
<referredTableID>9D62BF7D-6C1B-467D-0E90-43319852ADAA</referredTableID>
<keyObject>45E7CD5B-4A4C-A97E-7ECC-746F581F99BB</keyObject>
<referredKeyID>45E7CD5B-4A4C-A97E-7ECC-746F581F99BB</referredKeyID>
<mandatory>true</mandatory>
<refColNames>user_id</refColNames>
<transferable>true</transferable>
<rely>false</rely>
<columnDependencyConstraintGenerateInDDL>true</columnDependencyConstraintGenerateInDDL>
</FKIndexAssociation>