<?xml version = '1.0' encoding = 'UTF-8'?>
<relationalModel class="oracle.dbtools.crest.model.design.relational.RelationalDesign" name="network" id="D3A610CB-5C89-AF00-F9EF-A81B419DED74" mainViewID="901E8433-BE3A-EEF1-4D4F-EABB6B3A80DC">
<createdBy>Hidden Treasure</createdBy>
<createdTime>2019-05-19 10:27:59 UTC</createdTime>
<ownerDesignName>Network</ownerDesignName>
<shouldBeOpen>false</shouldBeOpen>
<selectedRDBMSSite>3FD120B5-9F4E-6278-D5E2-746D192C8319</selectedRDBMSSite>
<importDDLFileStamps>
<importDDLFileStamp class="oracle.dbtools.crest.imports.DDLFileStamp">
<fileName>network.sql</fileName>
<pathName>C:\Users\Hidden Treasure\Desktop\Sem_Prace_New</pathName>
<dbType>11</dbType>
</importDDLFileStamp>
</importDDLFileStamps>
</relationalModel>