<?xml version = '1.0' encoding = 'UTF-8'?>
<TableProxyOraclev12c class="oracle.dbtools.crest.model.design.storage.oracle.v12c.TableProxyOraclev12c" name="study_plan" directorySegmentName="seg_0" id="189D7EC9-A9D9-A2FD-E0FA-A425FA1A3A67">
<createdBy>Hidden Treasure</createdBy>
<createdTime>2019-05-19 10:28:41 UTC</createdTime>
<ownerDesignName>Network</ownerDesignName>
<logging>YES</logging>
<partitionedRowMovement>DISABLE</partitionedRowMovement>
<temporaryChanged>false</temporaryChanged>
<accessDriverType>oracle_loader</accessDriverType>
<rejectLimit></rejectLimit>
<columnProxies itemClass="oracle.dbtools.crest.model.design.storage.oracle.v12c.ColumnProxyOraclev12c">
<ColumnProxy name="study_department_department_id" id="1FB27247-B0C7-792B-ED0A-61B21104DA67">
<createdBy>Hidden Treasure</createdBy>
<createdTime>2019-05-19 10:28:42 UTC</createdTime>
<ownerDesignName>Network</ownerDesignName>
</ColumnProxy>
<ColumnProxy name="study_plan_name" id="5EFEE13D-7EF5-2F05-7AB2-FCEE40A9A118">
<createdBy>Hidden Treasure</createdBy>
<createdTime>2019-05-19 10:28:42 UTC</createdTime>
<ownerDesignName>Network</ownerDesignName>
</ColumnProxy>
<ColumnProxy name="study_plan_id" id="D4DF1930-DDBF-60EE-CE23-EEF5DF319504">
<createdBy>Hidden Treasure</createdBy>
<createdTime>2019-05-19 10:28:42 UTC</createdTime>
<ownerDesignName>Network</ownerDesignName>
</ColumnProxy>
</columnProxies>
<foreignKeys>
<ForeignKey class="oracle.dbtools.crest.model.design.storage.oracle.v10g.FKProxyOraclev10g" name="study_plan_study_department_FK" id="9B7C7EEA-66F9-2A15-62FD-7F96172E8B3D">
<createdBy>Hidden Treasure</createdBy>
<createdTime>2019-05-19 10:28:42 UTC</createdTime>
<ownerDesignName>Network</ownerDesignName>
</ForeignKey>
</foreignKeys>
<primaryKeys>
<PrimaryKey class="oracle.dbtools.crest.model.design.storage.oracle.v10g.PKProxyOraclev10g" name="study_plan_PK" id="EB5B00FE-9A97-9300-AB6A-61ED91C9EF19">
<createdBy>Hidden Treasure</createdBy>
<createdTime>2019-05-19 10:28:42 UTC</createdTime>
<ownerDesignName>Network</ownerDesignName>
<indexSort>SORTED</indexSort>
</PrimaryKey>
</primaryKeys>
</TableProxyOraclev12c>