<?xml version = '1.0' encoding = 'UTF-8'?>
<TableProxyOraclev12c class="oracle.dbtools.crest.model.design.storage.oracle.v12c.TableProxyOraclev12c" name="comments" directorySegmentName="seg_0" id="6B75025B-40DB-1114-3EFC-81ABECF92D50">
<createdBy>Hidden Treasure</createdBy>
<createdTime>2019-05-19 10:28:41 UTC</createdTime>
<ownerDesignName>Network</ownerDesignName>
<logging>YES</logging>
<partitionedRowMovement>DISABLE</partitionedRowMovement>
<temporaryChanged>false</temporaryChanged>
<accessDriverType>oracle_loader</accessDriverType>
<rejectLimit></rejectLimit>
<columnProxies itemClass="oracle.dbtools.crest.model.design.storage.oracle.v12c.ColumnProxyOraclev12c">
<ColumnProxy name="date_posted" id="4313A98E-ECC8-D255-076C-1805474C6B29">
<createdBy>Hidden Treasure</createdBy>
<createdTime>2019-05-19 10:28:42 UTC</createdTime>
<ownerDesignName>Network</ownerDesignName>
</ColumnProxy>
<ColumnProxy name="users_user_id" id="70100BAC-E099-893E-25E6-3F4B5AF20348">
<createdBy>Hidden Treasure</createdBy>
<createdTime>2019-05-19 10:28:42 UTC</createdTime>
<ownerDesignName>Network</ownerDesignName>
</ColumnProxy>
<ColumnProxy name="groups_group_id" id="911D8FB1-1D0B-966E-0A66-FECB44D9027A">
<createdBy>Hidden Treasure</createdBy>
<createdTime>2019-05-19 10:28:42 UTC</createdTime>
<ownerDesignName>Network</ownerDesignName>
</ColumnProxy>
<ColumnProxy name="content" id="9E2D5762-85D7-38E1-7C00-B729E495138A">
<createdBy>Hidden Treasure</createdBy>
<createdTime>2019-05-19 10:28:42 UTC</createdTime>
<ownerDesignName>Network</ownerDesignName>
</ColumnProxy>
<ColumnProxy name="comments_comment_id" id="BCBC28FC-BEE5-EAFF-9DF8-3684BAFEA3C5">
<createdBy>Hidden Treasure</createdBy>
<createdTime>2019-05-19 10:28:42 UTC</createdTime>
<ownerDesignName>Network</ownerDesignName>
<defaultValue>NULL</defaultValue>
</ColumnProxy>
<ColumnProxy name="comment_id" id="C1848763-3C65-9398-89E5-D5FBAD120BB6">
<createdBy>Hidden Treasure</createdBy>
<createdTime>2019-05-19 10:28:42 UTC</createdTime>
<ownerDesignName>Network</ownerDesignName>
</ColumnProxy>
</columnProxies>
<foreignKeys>
<ForeignKey class="oracle.dbtools.crest.model.design.storage.oracle.v10g.FKProxyOraclev10g" name="comments_users_FK" id="84A3FDC7-A18E-8F82-255A-1C344FB59F23">
<createdBy>Hidden Treasure</createdBy>
<createdTime>2019-05-19 10:28:42 UTC</createdTime>
<ownerDesignName>Network</ownerDesignName>
</ForeignKey>
<ForeignKey class="oracle.dbtools.crest.model.design.storage.oracle.v10g.FKProxyOraclev10g" name="comments_groups_FK" id="8C4B88BD-9103-EC69-9BC3-983620A178F0">
<createdBy>Hidden Treasure</createdBy>
<createdTime>2019-05-19 10:28:42 UTC</createdTime>
<ownerDesignName>Network</ownerDesignName>
</ForeignKey>
<ForeignKey class="oracle.dbtools.crest.model.design.storage.oracle.v10g.FKProxyOraclev10g" name="comments_comments_FK" id="90625CD6-66BF-9D73-AB05-4255F80768FC">
<createdBy>Hidden Treasure</createdBy>
<createdTime>2019-05-19 10:28:42 UTC</createdTime>
<ownerDesignName>Network</ownerDesignName>
</ForeignKey>
</foreignKeys>
<primaryKeys>
<PrimaryKey class="oracle.dbtools.crest.model.design.storage.oracle.v10g.PKProxyOraclev10g" name="comments_PK" id="BCE9DACA-DCC2-5972-D391-D98DE4CA4342">
<createdBy>Hidden Treasure</createdBy>
<createdTime>2019-05-19 10:28:42 UTC</createdTime>
<ownerDesignName>Network</ownerDesignName>
<indexSort>SORTED</indexSort>
</PrimaryKey>
</primaryKeys>
</TableProxyOraclev12c>