<?xml version = '1.0' encoding = 'UTF-8'?>
<TableProxyOraclev12c class="oracle.dbtools.crest.model.design.storage.oracle.v12c.TableProxyOraclev12c" name="courses" directorySegmentName="seg_0" id="A8C7A5C4-7DDE-7BBD-C2B0-E2EE6AC8A3F8">
<createdBy>Hidden Treasure</createdBy>
<createdTime>2019-05-19 10:28:41 UTC</createdTime>
<ownerDesignName>Network</ownerDesignName>
<logging>YES</logging>
<partitionedRowMovement>DISABLE</partitionedRowMovement>
<temporaryChanged>false</temporaryChanged>
<accessDriverType>oracle_loader</accessDriverType>
<rejectLimit></rejectLimit>
<columnProxies itemClass="oracle.dbtools.crest.model.design.storage.oracle.v12c.ColumnProxyOraclev12c">
<ColumnProxy name="short_name" id="A21C5DC5-00D9-BE44-63A1-987CDA5A874C">
<createdBy>Hidden Treasure</createdBy>
<createdTime>2019-05-19 10:28:42 UTC</createdTime>
<ownerDesignName>Network</ownerDesignName>
</ColumnProxy>
<ColumnProxy name="course_id" id="AE67C9B9-B6AA-1E3A-E154-E221864CF9D6">
<createdBy>Hidden Treasure</createdBy>
<createdTime>2019-05-19 10:28:42 UTC</createdTime>
<ownerDesignName>Network</ownerDesignName>
</ColumnProxy>
<ColumnProxy name="name" id="CD51526D-BACF-B0F3-1021-CF24CD8E4A6B">
<createdBy>Hidden Treasure</createdBy>
<createdTime>2019-05-19 10:28:42 UTC</createdTime>
<ownerDesignName>Network</ownerDesignName>
</ColumnProxy>
</columnProxies>
<primaryKeys>
<PrimaryKey class="oracle.dbtools.crest.model.design.storage.oracle.v10g.PKProxyOraclev10g" name="courses_PK" id="79B3A2FE-6C32-5647-E7E7-7DF21EA67100">
<createdBy>Hidden Treasure</createdBy>
<createdTime>2019-05-19 10:28:42 UTC</createdTime>
<ownerDesignName>Network</ownerDesignName>
<indexSort>SORTED</indexSort>
</PrimaryKey>
</primaryKeys>
</TableProxyOraclev12c>