<?xml version = '1.0' encoding = 'UTF-8'?>
<Entity class="oracle.dbtools.crest.model.design.logical.Entity" directorySegmentName="seg_0" id="45A5A11A-75AC-64F4-54BE-34D3D65AC251" name="LIKE">
<createdBy>Hidden Treasure</createdBy>
<createdTime>2019-05-21 15:06:55 UTC</createdTime>
<ownerDesignName>Network</ownerDesignName>
<engineerTo>
<item key="D3A610CB-5C89-AF00-F9EF-A81B419DED74" value="true"/>
</engineerTo>
<adequatelyNormalized>NO</adequatelyNormalized>
<expectedVolumes>0</expectedVolumes>
<fwdEngineeringStrategyName>Single Table</fwdEngineeringStrategyName>
<growthPercent>0</growthPercent>
<growthType>Year</growthType>
<maxVolumes>9999999</maxVolumes>
<minVolumes>0</minVolumes>
<normalForm>Third</normalForm>
<attributes itemClass="oracle.dbtools.crest.model.design.logical.Attribute">
<Attribute name="like_id" id="72A47690-D954-AA6D-B1B6-C33082B48BD8">
<createdBy>Hidden Treasure</createdBy>
<createdTime>2019-05-21 15:07:08 UTC</createdTime>
<ownerDesignName>Network</ownerDesignName>
<engineerTo>
<item key="D3A610CB-5C89-AF00-F9EF-A81B419DED74" value="true"/>
</engineerTo>
<useDomainConstraints>false</useDomainConstraints>
<use>1</use>
<logicalDatatype>LOGDT011</logicalDatatype>
<ownDataTypeParameters>,,</ownDataTypeParameters>
</Attribute>
<Attribute name="like_DATA" id="AFA42001-B8B5-58C3-8404-158F0C0973DC">
<createdBy>Hidden Treasure</createdBy>
<createdTime>2019-05-21 15:07:20 UTC</createdTime>
<ownerDesignName>Network</ownerDesignName>
<engineerTo>
<item key="D3A610CB-5C89-AF00-F9EF-A81B419DED74" value="true"/>
</engineerTo>
<nullsAllowed>true</nullsAllowed>
<useDomainConstraints>false</useDomainConstraints>
<use>1</use>
<logicalDatatype>LOGDT024</logicalDatatype>
<dataTypeSize>255</dataTypeSize>
<ownDataTypeParameters>255,,</ownDataTypeParameters>
</Attribute>
</attributes>
<identifiers itemClass="oracle.dbtools.crest.model.design.logical.CandidateKey">
<identifier id="AAA00C33-119C-CBFE-E287-2F8CA4724B50" name="LIKE PK">
<createdBy>Hidden Treasure</createdBy>
<createdTime>2019-05-21 15:08:52 UTC</createdTime>
<ownerDesignName>Network</ownerDesignName>
<engineerTo>
<item key="D3A610CB-5C89-AF00-F9EF-A81B419DED74" value="true"/>
</engineerTo>
<pk>true</pk>
<usedAttributes>
<attributeRef>72A47690-D954-AA6D-B1B6-C33082B48BD8</attributeRef>
</usedAttributes>
</identifier>
</identifiers>
</Entity>