<?xml version = '1.0' encoding = 'UTF-8'?>
<Entity class="oracle.dbtools.crest.model.design.logical.Entity" directorySegmentName="seg_0" id="768AB4F4-A38C-1F04-7AB6-D10193E1DFFF" name="address">
<createdBy>Hidden Treasure</createdBy>
<createdTime>2019-05-19 10:30:05 UTC</createdTime>
<generatorID>08412242-0FE0-36C8-71CE-77C8ED9DF048</generatorID>
<ownerDesignName>Network</ownerDesignName>
<engineerTo>
<item key="D3A610CB-5C89-AF00-F9EF-A81B419DED74" value="true"/>
</engineerTo>
<adequatelyNormalized>NO</adequatelyNormalized>
<expectedVolumes>0</expectedVolumes>
<fwdEngineeringStrategyName>Single Table</fwdEngineeringStrategyName>
<growthPercent>0</growthPercent>
<growthType>Year</growthType>
<maxVolumes>9999999</maxVolumes>
<minVolumes>0</minVolumes>
<normalForm>Third</normalForm>
<attributes itemClass="oracle.dbtools.crest.model.design.logical.Attribute">
<Attribute name="address id" id="048CF87D-ECE5-3EC6-76F0-601E2323FDB6">
<createdBy>Hidden Treasure</createdBy>
<createdTime>2019-05-19 10:30:05 UTC</createdTime>
<generatorID>5C8E6CD0-DEBB-14C9-8C06-45F8150059D5</generatorID>
<ownerDesignName>Network</ownerDesignName>
<engineerTo>
<item key="D3A610CB-5C89-AF00-F9EF-A81B419DED74" value="true"/>
</engineerTo>
<useDomainConstraints>false</useDomainConstraints>
<use>1</use>
<logicalDatatype>LOGDT011</logicalDatatype>
<ownDataTypeParameters>,,</ownDataTypeParameters>
</Attribute>
<Attribute name="street" id="120E7C50-B029-D7F4-6173-4BADC78F3A3A">
<createdBy>Hidden Treasure</createdBy>
<createdTime>2019-05-19 10:30:05 UTC</createdTime>
<generatorID>332DFFEA-45B4-9469-D030-0003899B663F</generatorID>
<ownerDesignName>Network</ownerDesignName>
<engineerTo>
<item key="D3A610CB-5C89-AF00-F9EF-A81B419DED74" value="true"/>
</engineerTo>
<useDomainConstraints>false</useDomainConstraints>
<use>1</use>
<logicalDatatype>LOGDT024</logicalDatatype>
<dataTypeSize>255</dataTypeSize>
<ownDataTypeParameters>255,,</ownDataTypeParameters>
</Attribute>
<Attribute name="street no" id="7698BE9F-2025-5CB9-9BD0-B15FE30E33C1">
<createdBy>Hidden Treasure</createdBy>
<createdTime>2019-05-19 10:30:05 UTC</createdTime>
<generatorID>6E839587-E2E7-E6AE-0EF1-D643C2232111</generatorID>
<ownerDesignName>Network</ownerDesignName>
<engineerTo>
<item key="D3A610CB-5C89-AF00-F9EF-A81B419DED74" value="true"/>
</engineerTo>
<useDomainConstraints>false</useDomainConstraints>
<use>1</use>
<logicalDatatype>LOGDT019</logicalDatatype>
<ownDataTypeParameters>,,</ownDataTypeParameters>
</Attribute>
<Attribute name="city" id="89280F2C-98B7-5AFB-9098-2A594DF57A7F">
<createdBy>Hidden Treasure</createdBy>
<createdTime>2019-05-19 10:30:05 UTC</createdTime>
<generatorID>5931E5C8-97F1-9A2C-9273-C5041B89EBBC</generatorID>
<ownerDesignName>Network</ownerDesignName>
<engineerTo>
<item key="D3A610CB-5C89-AF00-F9EF-A81B419DED74" value="true"/>
</engineerTo>
<useDomainConstraints>false</useDomainConstraints>
<use>1</use>
<logicalDatatype>LOGDT024</logicalDatatype>
<dataTypeSize>255</dataTypeSize>
<ownDataTypeParameters>255,,</ownDataTypeParameters>
</Attribute>
<Attribute name="post code" id="60434EBE-E367-923F-9D78-7AA065442329">
<createdBy>Hidden Treasure</createdBy>
<createdTime>2019-05-19 10:30:05 UTC</createdTime>
<generatorID>94B2B8FC-481D-5A75-64A7-6D35857D4D27</generatorID>
<ownerDesignName>Network</ownerDesignName>
<engineerTo>
<item key="D3A610CB-5C89-AF00-F9EF-A81B419DED74" value="true"/>
</engineerTo>
<useDomainConstraints>false</useDomainConstraints>
<use>1</use>
<logicalDatatype>LOGDT019</logicalDatatype>
<ownDataTypeParameters>,,</ownDataTypeParameters>
</Attribute>
<Attribute name="user id" id="50FA224D-CB90-B2E5-95BD-9C5333894E9E">
<createdBy>Hidden Treasure</createdBy>
<createdTime>2019-05-19 10:30:05 UTC</createdTime>
<generatorID>30717495-E172-8E8D-18EC-AEE66BB5E148</generatorID>
<ownerDesignName>Network</ownerDesignName>
<engineerTo>
<item key="D3A610CB-5C89-AF00-F9EF-A81B419DED74" value="true"/>
</engineerTo>
<referedAttribute>B479F4A8-B1A1-0A45-A91B-57F2E9FC6DEF</referedAttribute>
<useDomainConstraints>false</useDomainConstraints>
<use>1</use>
<logicalDatatype>LOGDT011</logicalDatatype>
<ownDataTypeParameters>,,</ownDataTypeParameters>
</Attribute>
</attributes>
<identifiers itemClass="oracle.dbtools.crest.model.design.logical.CandidateKey">
<identifier id="D1316918-B016-C1F7-7327-95DD0660FA96" name="`address` PK">
<createdBy>Hidden Treasure</createdBy>
<createdTime>2019-05-19 10:30:05 UTC</createdTime>
<generatorID>666786CE-E210-FB64-7D3D-C82536D53A3B</generatorID>
<ownerDesignName>Network</ownerDesignName>
<engineerTo>
<item key="D3A610CB-5C89-AF00-F9EF-A81B419DED74" value="true"/>
</engineerTo>
<pk>true</pk>
<usedAttributes>
<attributeRef>048CF87D-ECE5-3EC6-76F0-601E2323FDB6</attributeRef>
</usedAttributes>
</identifier>
</identifiers>
</Entity>