<?xml version = '1.0' encoding = 'UTF-8'?>
<Entity class="oracle.dbtools.crest.model.design.logical.Entity" directorySegmentName="seg_0" id="9D83180E-C56A-E2D9-8600-F196046D4A30" name="user group">
<createdBy>Hidden Treasure</createdBy>
<createdTime>2019-05-19 10:30:05 UTC</createdTime>
<generatorID>493C28E6-B9C2-0978-37FD-62870297458E</generatorID>
<ownerDesignName>Network</ownerDesignName>
<engineerTo>
<item key="D3A610CB-5C89-AF00-F9EF-A81B419DED74" value="true"/>
</engineerTo>
<adequatelyNormalized>NO</adequatelyNormalized>
<expectedVolumes>0</expectedVolumes>
<fwdEngineeringStrategyName>Single Table</fwdEngineeringStrategyName>
<growthPercent>0</growthPercent>
<growthType>Year</growthType>
<maxVolumes>9999999</maxVolumes>
<minVolumes>0</minVolumes>
<normalForm>Third</normalForm>
<attributes itemClass="oracle.dbtools.crest.model.design.logical.Attribute">
<Attribute name="userGroup_id" id="5BBE3BB3-1C96-4C3E-A483-5698A866F4BF">
<createdBy>Hidden Treasure</createdBy>
<createdTime>2019-05-19 10:30:05 UTC</createdTime>
<generatorID>47FD4A49-FF9B-BBF2-CBA2-47D878AF15DE</generatorID>
<ownerDesignName>Network</ownerDesignName>
<engineerTo>
<item key="D3A610CB-5C89-AF00-F9EF-A81B419DED74" value="true"/>
</engineerTo>
<useDomainConstraints>false</useDomainConstraints>
<use>1</use>
<logicalDatatype>LOGDT011</logicalDatatype>
<ownDataTypeParameters>,,</ownDataTypeParameters>
</Attribute>
<Attribute name="user id" id="A25C1885-A03F-47EE-3FA4-C53809C6CFD7">
<createdBy>Hidden Treasure</createdBy>
<createdTime>2019-05-19 10:30:05 UTC</createdTime>
<generatorID>36E91DE1-6608-B44E-BE74-9DF0BDB65BDA</generatorID>
<ownerDesignName>Network</ownerDesignName>
<engineerTo>
<item key="D3A610CB-5C89-AF00-F9EF-A81B419DED74" value="true"/>
</engineerTo>
<referedAttribute>B479F4A8-B1A1-0A45-A91B-57F2E9FC6DEF</referedAttribute>
<useDomainConstraints>false</useDomainConstraints>
<use>1</use>
<logicalDatatype>LOGDT011</logicalDatatype>
<ownDataTypeParameters>,,</ownDataTypeParameters>
</Attribute>
<Attribute name="group id" id="AA3ED021-97EE-E370-7E16-54DB0DBF8A14">
<createdBy>Hidden Treasure</createdBy>
<createdTime>2019-05-19 10:30:05 UTC</createdTime>
<generatorID>4BFA4AA1-1089-8050-5A23-B21C2A8F5774</generatorID>
<ownerDesignName>Network</ownerDesignName>
<engineerTo>
<item key="D3A610CB-5C89-AF00-F9EF-A81B419DED74" value="true"/>
</engineerTo>
<referedAttribute>8DAE22E0-D1EC-7C08-DEDA-57CF958487A3</referedAttribute>
<useDomainConstraints>false</useDomainConstraints>
<use>1</use>
<logicalDatatype>LOGDT011</logicalDatatype>
<ownDataTypeParameters>,,</ownDataTypeParameters>
</Attribute>
</attributes>
<identifiers itemClass="oracle.dbtools.crest.model.design.logical.CandidateKey">
<identifier id="A22826BD-43AE-5B11-8620-3EB0F52A33FC" name="`user group` PK">
<createdBy>Hidden Treasure</createdBy>
<createdTime>2019-05-19 10:30:05 UTC</createdTime>
<generatorID>809716A4-8EFB-7460-4D91-A4E9E3E7D334</generatorID>
<ownerDesignName>Network</ownerDesignName>
<shouldEngineer>false</shouldEngineer>
<engineerTo>
<item key="D3A610CB-5C89-AF00-F9EF-A81B419DED74" value="false"/>
</engineerTo>
<pk>true</pk>
<usedAttributes>
<attributeRef>5BBE3BB3-1C96-4C3E-A483-5698A866F4BF</attributeRef>
</usedAttributes>
</identifier>
</identifiers>
</Entity>