<?xml version = '1.0' encoding = 'UTF-8'?>
<Entity class="oracle.dbtools.crest.model.design.logical.Entity" directorySegmentName="seg_0" id="C166CAF3-3D00-EC2F-7348-4AB1740CA2D0" name="course plan">
<createdBy>Hidden Treasure</createdBy>
<createdTime>2019-05-19 10:30:05 UTC</createdTime>
<generatorID>787B730A-84DA-D014-C113-2F84146998F9</generatorID>
<ownerDesignName>Network</ownerDesignName>
<engineerTo>
<item key="D3A610CB-5C89-AF00-F9EF-A81B419DED74" value="true"/>
</engineerTo>
<adequatelyNormalized>NO</adequatelyNormalized>
<expectedVolumes>0</expectedVolumes>
<fwdEngineeringStrategyName>Single Table</fwdEngineeringStrategyName>
<growthPercent>0</growthPercent>
<growthType>Year</growthType>
<maxVolumes>9999999</maxVolumes>
<minVolumes>0</minVolumes>
<normalForm>Third</normalForm>
<attributes itemClass="oracle.dbtools.crest.model.design.logical.Attribute">
<Attribute name="coursePlan_id" id="BF570D17-922B-DAB9-4A87-9BD45883A5F1">
<createdBy>Hidden Treasure</createdBy>
<createdTime>2019-05-19 10:30:05 UTC</createdTime>
<generatorID>71FFFF11-4626-8799-A565-F43DE01C49C4</generatorID>
<ownerDesignName>Network</ownerDesignName>
<engineerTo>
<item key="D3A610CB-5C89-AF00-F9EF-A81B419DED74" value="true"/>
</engineerTo>
<useDomainConstraints>false</useDomainConstraints>
<use>1</use>
<logicalDatatype>LOGDT011</logicalDatatype>
<ownDataTypeParameters>,,</ownDataTypeParameters>
</Attribute>
<Attribute name="course id" id="2ED45CD9-58A0-F279-108F-6162683F4226">
<createdBy>Hidden Treasure</createdBy>
<createdTime>2019-05-19 10:30:05 UTC</createdTime>
<generatorID>ADEC1D62-DB7D-6B9B-F739-1BBF2E0305D4</generatorID>
<ownerDesignName>Network</ownerDesignName>
<engineerTo>
<item key="D3A610CB-5C89-AF00-F9EF-A81B419DED74" value="true"/>
</engineerTo>
<referedAttribute>5988D379-6AFE-0B3F-1CDB-302B295CF6B8</referedAttribute>
<useDomainConstraints>false</useDomainConstraints>
<use>1</use>
<logicalDatatype>LOGDT011</logicalDatatype>
<ownDataTypeParameters>,,</ownDataTypeParameters>
</Attribute>
<Attribute name="study plan id" id="DFE72DE7-9027-F2F1-1B1B-3145D4E00175">
<createdBy>Hidden Treasure</createdBy>
<createdTime>2019-05-19 10:30:05 UTC</createdTime>
<generatorID>874A8D5D-18F9-0698-1684-CA730E36ADE8</generatorID>
<ownerDesignName>Network</ownerDesignName>
<engineerTo>
<item key="D3A610CB-5C89-AF00-F9EF-A81B419DED74" value="true"/>
</engineerTo>
<referedAttribute>C5315B1A-BE53-D85E-4094-ECBA47ADA891</referedAttribute>
<useDomainConstraints>false</useDomainConstraints>
<use>1</use>
<logicalDatatype>LOGDT011</logicalDatatype>
<ownDataTypeParameters>,,</ownDataTypeParameters>
</Attribute>
</attributes>
<identifiers itemClass="oracle.dbtools.crest.model.design.logical.CandidateKey">
<identifier id="0761221E-BF41-44DA-B303-A2F2E50987BF" name="`course plan` PK">
<createdBy>Hidden Treasure</createdBy>
<createdTime>2019-05-19 10:30:05 UTC</createdTime>
<generatorID>A192370E-B860-C78C-ABB3-A87586A4911B</generatorID>
<ownerDesignName>Network</ownerDesignName>
<shouldEngineer>false</shouldEngineer>
<engineerTo>
<item key="D3A610CB-5C89-AF00-F9EF-A81B419DED74" value="false"/>
</engineerTo>
<pk>true</pk>
<usedAttributes>
<attributeRef>BF570D17-922B-DAB9-4A87-9BD45883A5F1</attributeRef>
</usedAttributes>
</identifier>
</identifiers>
</Entity>